S.No,name,male,book1,book2,book3,book4,book5,isNoble,numDeadRelations,isPopular,isAlive,age,popularity
1,Viserys II Targaryen,1,0,0,0,0,0,0,11,1,0,21,0.605351171
2,Walder Frey,1,1,1,1,1,1,1,1,1,1,97,0.89632107
3,Addison Hill,1,0,0,0,1,0,1,0,0,1,,0.267558528
4,Aemma Arryn,0,0,0,0,0,0,1,0,0,0,23,0.183946488
5,Sylva Santagar,0,0,0,0,1,0,1,0,0,1,29,0.043478261
6,Tommen Baratheon,1,0,0,0,0,0,0,5,1,1,,1
7,Valarr Targaryen,1,0,0,0,0,0,1,0,1,0,26,0.431438127
8,Viserys I Targaryen,1,0,0,0,0,0,0,5,1,0,,0.678929766
9,Wilbert,1,0,0,1,0,0,1,0,0,0,,0.006688963
10,Wilbert Osgrey,1,0,0,0,0,0,1,0,0,1,,0.02006689
11,Will,1,1,1,0,0,0,0,0,0,0,,0.163879599
12,Will (orphan),0,0,0,0,1,0,0,0,0,1,,0.003344482
13,Will (squire),1,0,0,0,0,0,0,0,0,1,,0.003344482
14,Will (Standfast),0,0,0,0,0,0,0,0,0,1,,0.003344482
15,Will (Treb),1,0,0,0,0,0,0,0,0,1,,0.003344482
16,Will Humble,1,0,0,0,1,0,0,0,0,1,,0.013377926
17,Willam,1,0,0,0,1,0,0,0,0,1,,0.013377926
18,Willem Wylde,1,0,0,0,0,0,1,0,0,1,,0.02006689
19,Willifer,0,0,0,0,1,0,1,0,0,1,,0.006688963
20,Willit,1,0,1,0,0,0,0,0,0,1,,0.010033445
21,Willis Wode,1,1,0,0,1,0,1,0,0,1,,0.02006689
22,Willis Fell,0,0,0,0,0,0,1,0,0,1,,0.023411371
23,Willow Heddle,0,0,0,0,1,0,0,0,0,1,16,0.033444816
24,Willum,1,1,0,0,0,0,1,0,0,1,,0
25,Wolmer,1,0,0,0,0,0,0,0,0,1,,0.003344482
26,Willow Witch-eye,0,0,0,0,0,1,0,0,0,0,,0.050167224
27,Woth,1,0,1,0,0,0,0,0,0,0,,0.030100334
28,Wulfe,1,0,0,0,1,1,0,0,0,1,,0.023411371
29,Wyl the Whittler,0,0,0,1,0,0,0,0,0,1,,0.006688963
30,Wyl (guard),0,1,0,0,0,0,0,0,0,0,,0.026755853
31,Wyl Waynwood,0,0,0,0,0,0,0,0,0,0,,0.013377926
32,Wun Weg Wun Dar Wun,1,0,0,0,0,1,0,0,0,1,,0.050167224
33,Wylla,1,1,0,1,0,0,0,0,0,1,,0.026755853
34,Wynafryd Manderly,0,0,0,0,1,1,0,0,0,1,25,0.056856187
35,Xhondo,1,0,0,0,1,0,0,0,0,1,,0.02006689
36,Ygon Farwynd,1,0,0,0,1,0,0,0,0,1,,0.010033445
37,Yna,1,0,0,0,1,0,0,0,0,1,,0.02006689
38,Yohn Farwynd,1,0,0,0,1,0,0,0,0,1,,0.010033445
39,Yorkel,0,0,0,0,0,0,0,0,0,1,,0
40,Yorko Terys,1,0,0,0,1,0,0,0,0,1,,0.023411371
41,Yormwell,0,0,0,0,0,0,1,0,0,1,,0.003344482
42,Young Henly,1,0,0,1,0,0,0,0,0,0,59,0.013377926
43,Ysilla,0,0,0,0,0,1,0,0,0,1,,0.040133779
44,Zarabelo,0,0,0,0,1,0,1,0,0,1,,0.006688963
45,Zei,0,0,0,1,0,0,0,0,0,1,,0.013377926
46,Zekko,1,0,0,0,0,1,0,0,0,1,,0.013377926
47,Zharaq zo Loraq,1,0,0,0,0,1,0,0,0,1,,0.010033445
48,Wenda,0,0,0,1,1,0,0,0,0,1,,0.016722408
49,Wex Pyke,1,0,1,1,1,1,0,0,0,1,19,0.113712375
50,Timett,1,1,1,1,0,1,1,0,0,1,27,0.073578595
51,Joffrey Baratheon,1,0,0,0,0,0,0,5,1,0,,1
52,Laenor Velaryon,1,0,0,0,0,0,1,0,0,0,26,0.193979933
53,Leobald Tallhart,1,0,1,1,1,1,1,0,0,0,,0.110367893
54,Maegor I Targaryen,1,0,0,0,0,0,0,0,1,0,,0.705685619
55,Margaery Tyrell,0,1,1,1,1,1,1,3,1,1,22,1
56,Naerys Targaryen,0,1,0,0,0,0,1,12,0,0,100,0.220735786
57,Quence,0,0,0,0,1,0,0,0,0,1,,0.02006689
58,Quellon Botley,1,0,0,0,1,0,0,0,0,1,,0.046822742
59,Quellon Greyjoy,1,0,0,0,1,0,1,0,0,0,,0.090301003
60,Quentyn Blackwood,0,0,0,0,0,0,1,0,0,0,,0.02006689
61,Quenton Greyjoy,1,0,0,0,1,0,0,0,0,1,,0.060200669
62,Quhuru Mo,1,0,1,0,1,0,0,0,0,1,,0.040133779
63,Quickfinger,1,0,0,0,0,0,0,0,0,1,,0.010033445
64,Quill,1,0,0,0,1,0,0,0,0,1,,0.016722408
65,Quentin Tyrell,0,0,0,1,1,0,1,0,0,1,,0.127090301
66,Quort,1,0,0,1,0,0,0,0,0,0,14,0.010033445
67,Qyle,1,0,1,0,0,0,0,0,0,0,,0.013377926
68,Rafe,0,0,0,0,0,0,0,0,0,1,,0.006688963
69,Racallio Ryndoon,1,0,0,0,0,0,0,0,0,1,,0.010033445
70,Ragnor Pyke,0,0,0,0,1,0,0,0,0,1,,0.010033445
71,Rainbow Knight,0,1,0,0,0,0,0,0,0,1,,0.003344482
72,Randa,0,0,0,1,0,0,0,0,0,1,,0.003344482
73,Rast,1,1,1,1,0,0,0,0,0,0,,0.066889632
74,Rawney,1,0,0,0,1,0,1,0,0,1,,0.010033445
75,Raymar Royce,1,0,0,1,0,0,1,0,0,1,,0.013377926
76,Raymond Nayland,0,0,0,0,1,0,1,0,0,1,,0.016722408
77,Raymund Tyrell,0,0,0,1,1,0,0,0,0,1,,0.127090301
78,Red Oarsman,0,0,0,0,1,1,0,0,0,1,,0.016722408
79,Red Lamb,1,0,0,0,0,0,1,0,0,1,,0
80,Redtusk,1,0,0,0,0,0,1,0,0,1,,0.016722408
81,Red Rolfe,1,0,1,0,0,0,0,0,0,0,,0.013377926
82,Redwyn,0,0,1,0,0,0,0,0,0,1,,0.006688963
83,Reynard Webber,0,0,0,0,0,0,1,0,0,1,,0.006688963
84,Reysen,1,0,1,0,0,0,0,0,0,1,,0.023411371
85,Rhaegel Targaryen,1,0,0,0,0,0,1,3,0,0,42,0.096989967
86,Rhaena Targaryen (daughter of Daemon),0,0,0,0,0,0,1,0,0,0,100,0.143812709
87,Rhaena Targaryen (daughter of Aegon III),0,0,0,0,0,0,1,0,0,0,100,0.073578595
88,Rhaenys Targaryen,0,1,0,0,0,0,1,1,0,0,35,0.277591973
89,Rhaenys Targaryen (daughter of Rhaegar),0,1,1,1,1,1,1,10,0,0,3,0.244147157
90,Rhialta Vance,0,0,0,0,1,0,0,0,0,1,,0.016722408
91,Rhaenys Targaryen (daughter of Aemon),0,0,0,0,0,0,1,0,0,0,55,0.143812709
92,Rhonda Rowan,0,0,0,0,1,0,0,0,0,1,,0.050167224
93,Richard Farrow,0,0,0,0,1,0,1,0,0,0,,0.016722408
94,Richard Lonmouth,1,0,0,1,0,0,1,0,0,1,,0.023411371
95,Rigney,1,0,0,0,1,0,1,0,0,1,,0.003344482
96,Rob,1,0,0,0,0,0,0,0,0,1,,0.003344482
97,Rickard Tyrell,1,0,0,1,1,0,0,0,0,1,,0.123745819
98,Robb Reyne,1,0,0,0,0,0,1,0,0,1,,0.006688963
99,Robert Ashford,1,0,0,0,0,0,1,0,0,1,,0.023411371
100,Robert Brax (son of Flement),1,0,1,1,1,0,0,0,0,1,15,0.120401338
101,Robert Paege,0,0,0,1,0,0,1,0,0,1,,0.010033445
102,Robb Stark,1,0,0,0,0,0,0,7,1,0,,1
103,Robin,1,0,0,0,1,0,0,0,0,1,,0.016722408
104,Robert Frey (son of Raymund),1,0,1,1,1,0,0,0,0,1,22,0.147157191
105,Robin Greyjoy,1,0,0,0,1,0,0,0,0,1,,0.063545151
106,Robin Hollard,1,0,0,0,1,0,0,0,0,1,,0.026755853
107,Rodrik Freeborn,1,0,0,0,1,1,0,0,0,1,,0.013377926
108,Roelle,0,0,0,0,1,0,0,0,0,1,,0
109,Rodrik Stark (son of Beron),1,0,0,0,0,1,0,0,0,1,,0.100334448
110,Roger of Pennytree,1,0,0,0,0,0,0,0,0,0,,0.030100334
111,Roggo,0,0,0,0,1,0,0,0,0,1,,0.013377926
112,Roger Ryswell,1,0,0,0,1,1,0,0,0,1,,0.046822742
113,Rolder,1,0,0,0,1,0,0,0,0,1,,0
114,Roland Crakehall (Kingsguard),1,0,0,0,0,0,1,0,0,1,,0.02006689
115,Rolfe,1,0,1,0,0,0,0,0,0,1,,0.003344482
116,Rolland Darklyn,1,0,0,0,1,0,1,0,0,1,,0.010033445
117,Rollam Westerling,1,0,0,1,1,0,0,0,0,1,15,0.043478261
118,Romny Weaver,1,0,0,0,1,0,0,0,0,1,,0.02006689
119,Ronald Storm,1,0,0,0,0,1,0,0,0,1,,0.040133779
120,Ronnel Stout,0,0,0,1,0,0,0,0,0,1,,0.033444816
121,Ronnel Harclay,0,0,0,1,0,0,0,0,0,1,,0.013377926
122,Roone,1,0,0,0,1,0,0,0,0,1,19,0.040133779
123,Roone (maester),1,0,0,1,1,0,1,0,0,1,,0.010033445
124,Roryn Drumm,0,0,0,0,1,0,0,0,0,1,,0.003344482
125,Roose Ryswell,1,0,0,0,1,1,0,0,0,1,,0.030100334
126,Rosamund Lannister,0,0,0,0,1,1,0,0,0,1,,0.023411371
127,Rosey,0,0,0,0,1,0,0,0,0,1,21,0.030100334
128,Rowan,1,0,0,0,0,1,0,0,0,0,,0.060200669
129,Rudge,0,1,0,0,0,0,0,0,0,1,,0
130,Runciter,1,0,0,0,0,0,1,0,0,0,,0.244147157
131,Rupert Crabb,0,0,0,0,1,0,1,0,0,1,,0.006688963
132,Rus,0,0,0,0,1,0,0,0,0,1,,0.010033445
133,Rusty Flowers,1,0,0,0,0,1,0,0,0,1,,0
134,Ryam,1,0,0,0,1,0,1,0,0,1,,0.013377926
135,Ryk,1,0,0,1,1,1,0,0,0,1,,0.026755853
136,Ryles,0,0,0,1,0,0,0,0,0,0,,0.013377926
137,Rymolf,0,0,0,0,0,0,0,0,0,1,,0
138,S'vrone,0,0,0,0,0,0,0,0,0,1,,0.013377926
139,Saathos,0,0,1,0,0,0,0,0,0,1,,0.003344482
140,Sailor's Wife,0,0,0,0,0,0,0,0,0,1,,0.046822742
141,Sallor,1,0,0,1,0,0,0,0,0,0,,0.030100334
142,Salloreon,1,0,1,0,0,0,0,0,0,1,,0.013377926
143,Sam Stoops,1,0,0,0,0,0,0,0,0,1,,0.003344482
144,Samwell Spicer,1,0,0,1,1,0,1,0,0,1,,0.013377926
145,Sargon Botley,1,0,0,0,1,0,0,0,0,1,,0.053511706
146,Scarb,0,0,0,1,0,0,0,0,0,1,,0.006688963
147,Sawwood,1,0,0,1,0,0,0,0,0,1,,0.010033445
148,Sedgekins,0,0,0,1,0,0,0,0,0,1,,0
149,Sefton Staunton,1,0,0,0,0,0,0,0,0,1,,0.030100334
150,Serra,0,0,0,0,0,1,0,0,0,1,,0.016722408
151,Sharna,0,0,0,1,1,0,0,0,0,1,,0.036789298
152,Shella,0,1,0,0,0,0,0,0,0,1,,0.003344482
153,Sherrit,0,0,0,1,0,0,1,0,0,1,,0.003344482
154,Shortear,0,0,0,0,1,0,0,0,0,1,,0.013377926
155,Shyra,0,0,1,0,1,0,0,0,0,1,,0.02006689
156,Sigfry Stonetree,1,0,0,0,1,0,0,0,0,1,,0.003344482
157,Sigrin,1,0,1,1,0,0,0,0,0,1,,0.023411371
158,Simon Leygood,0,0,0,0,0,0,1,0,0,1,,0.003344482
159,Sky Blue Su,0,0,0,1,0,0,0,0,0,1,,0
160,Skinner,1,0,0,0,0,1,0,0,0,1,,0.033444816
161,Skittrick,0,0,1,0,0,0,0,0,0,1,,0.006688963
162,Skyte,1,0,1,1,1,0,0,0,0,1,,0.023411371
163,Sloey,0,0,0,0,1,0,0,0,0,1,,0.016722408
164,Spare Boot,1,0,0,1,1,1,0,0,0,1,,0.013377926
165,Softfoot,1,0,0,1,0,0,0,0,0,0,,0.02006689
166,Spotted Pate of Maidenpool,1,0,0,1,0,0,0,0,0,0,,0.013377926
167,Squint,0,0,1,0,0,0,0,0,0,0,,0.003344482
168,Squirrel,0,0,0,0,0,1,0,0,0,0,,0.043478261
169,Steffarion Sparr,1,0,0,0,1,0,0,0,0,1,,0.02006689
170,Stafford Lannister,1,1,1,1,1,1,1,1,0,0,53,0.170568562
171,Steffon Fossoway,1,0,0,0,0,0,1,0,0,1,,0.040133779
172,Steffon Hollard,0,0,0,0,1,0,1,0,0,1,,0.026755853
173,Stannis Baratheon,1,0,0,0,0,0,0,4,1,1,,1
174,Steffon Varner,1,0,1,0,0,0,1,0,0,1,,0.013377926
175,Stone Thumbs,0,0,0,1,0,0,0,0,0,0,,0.003344482
176,Stonehand,0,0,0,0,1,1,0,0,0,1,,0.010033445
177,Sybassion,1,0,1,0,0,0,0,0,0,1,,0.013377926
178,Sylas,0,0,1,0,0,0,0,0,0,0,,0.006688963
179,Symon Stripeback,1,0,0,0,0,1,0,0,0,1,,0.043478261
180,Symond Botley,1,0,0,0,1,0,0,0,0,1,,0.046822742
181,Tagganaro,1,0,0,0,1,0,0,0,0,1,,0.030100334
182,Tal Toraq,1,0,0,0,0,1,0,0,0,1,,0.023411371
183,Talea,0,0,0,0,1,0,0,0,0,1,,0.02006689
184,Talla Tarly,1,0,0,1,0,0,0,0,0,1,,0.070234114
185,Tansy,0,0,0,1,1,0,0,0,0,1,,0.023411371
186,Tansy (orphan),0,0,0,0,1,0,0,0,0,1,,0.006688963
187,Tarber,1,0,1,0,0,0,0,0,0,1,,0.033444816
188,Terrance Lynderly,0,0,0,0,1,0,0,0,0,1,,0.016722408
189,Terro,1,0,0,0,1,0,0,0,0,1,,0.013377926
190,Theo Frey,1,1,0,0,0,0,1,0,0,1,,0.013377926
191,Theobald,1,0,0,0,1,0,1,0,0,1,,0.02006689
192,Thistle,0,0,0,0,0,1,0,0,0,0,,0.016722408
193,Theon Stark,1,0,0,0,0,0,0,0,0,1,,0.056856187
194,Thormor Ironmaker,1,0,0,0,1,0,0,0,0,1,,0.016722408
195,Tim Stone,0,0,0,1,1,1,0,0,0,1,,0.016722408
196,Timon,0,0,1,1,0,0,1,0,0,1,,0.006688963
197,Timett (father),0,1,1,0,0,1,0,0,0,1,,0.013377926
198,Timoth,1,0,0,0,1,0,0,0,0,1,,0.006688963
199,Tobbot,0,0,1,0,0,0,0,0,0,1,,0.010033445
200,Toefinger,1,0,0,1,1,0,0,0,0,1,,0.006688963
201,Todric,1,0,1,0,0,0,0,0,0,0,,0.016722408
202,Tom Costayne,0,0,0,0,1,0,1,0,0,1,,0.006688963
203,TomToo,0,0,1,0,0,0,0,0,0,1,,0.013377926
204,Tommard Heddle,1,0,0,0,0,0,1,0,0,0,,0.046822742
205,Toregg,1,0,0,1,1,1,0,0,0,1,,0.026755853
206,Torrek,0,1,0,0,0,0,0,0,0,1,,0
207,Tothmure,1,0,1,0,0,0,1,0,0,0,,0.013377926
208,Torrhen Stark,1,0,0,0,0,0,0,0,0,1,,0.090301003
209,Tregar,0,1,0,0,0,0,0,0,0,0,,0.006688963
210,Tregar Ormollen,1,0,1,0,1,0,0,0,0,1,,0.023411371
211,Tristan Ryger,0,0,0,1,0,0,0,0,0,1,,0.006688963
212,Tristifer V Mudd,1,0,0,0,0,0,0,0,0,1,,0.016722408
213,Tristimun,1,0,0,1,0,0,1,0,0,1,,0
214,Tristifer IV Mudd,1,0,0,0,0,0,0,0,0,0,,0.053511706
215,Tuffleberry,0,0,1,0,0,0,0,0,0,1,,0.003344482
216,Tumberjon,0,0,0,1,0,0,0,0,0,1,,0.010033445
217,Tumco Lho,1,0,0,0,0,1,1,0,0,1,,0.030100334
218,Turnip,0,0,1,0,1,0,0,0,0,1,,0.016722408
219,Turquin,1,0,0,1,0,0,1,0,0,1,,0.003344482
220,Tybero Istarion,1,0,0,0,0,1,0,0,0,1,,0.013377926
221,Tymor,1,0,1,0,0,0,0,0,0,1,,0.006688963
222,Ulf the Ill,0,0,1,0,0,0,0,0,0,0,,0.013377926
223,Tywin Frey (son of Raymund),1,0,0,0,1,0,0,0,0,1,6,0.133779264
224,Uller,1,0,1,1,1,0,0,0,0,1,,0.023411371
225,Umar,0,1,0,0,0,0,0,0,0,1,,0.006688963
226,Umfred,0,0,0,1,0,0,0,0,0,1,,0.003344482
227,Umma,0,0,0,0,1,0,0,0,0,1,,0.016722408
228,Urreg,0,0,1,0,0,0,0,0,0,1,,0.010033445
229,Urek Ironmaker,1,0,0,0,1,0,0,0,0,1,,0.016722408
230,Urrathon,0,0,1,0,0,0,0,0,0,1,,0.013377926
231,Urzen,1,0,1,1,0,0,0,0,0,1,,0.02006689
232,Urron Greyiron,1,0,0,0,0,0,0,0,0,1,,0.040133779
233,Urrigon Greyjoy,1,0,0,0,1,0,0,0,0,1,37,0.073578595
234,Uthor Underleaf,1,0,0,0,0,0,1,0,0,0,100,0.050167224
235,Utt,1,0,1,1,0,0,0,0,0,0,,0.023411371
236,Vaellyn,1,0,0,0,1,0,1,0,0,1,,0.013377926
237,Varly,0,1,0,0,0,0,0,0,0,0,,0.016722408
238,Veiled Lady,0,0,0,0,1,0,0,0,0,1,,0.010033445
239,Vickon Botley,1,0,0,0,1,0,0,0,0,1,,0.046822742
240,Violet,0,0,0,1,0,0,0,0,0,1,,0
241,Victor Tyrell,0,0,0,1,1,0,1,0,0,1,,0.123745819
242,Walda Frey (daughter of Lothar),0,0,1,1,1,0,0,0,0,1,11,0.086956522
243,Walda Frey (daughter of Edwyn),0,0,1,1,1,0,0,0,0,1,15,0.10367893
244,Walda Frey (daughter of Rhaegar),0,0,0,0,0,0,0,0,0,1,17,0
245,Walda Frey (daughter of Walton),0,0,0,0,0,0,0,0,0,1,25,0
246,Walda Frey (daughter of Merrett),0,0,0,0,0,0,0,0,0,1,22,0
247,Walda Rivers (daughter of Aemon),0,0,0,1,0,0,0,0,0,1,10,0.026755853
248,Walder Frey (son of Jammos),1,0,0,0,0,0,0,0,0,1,14,0
249,Walder Frey (son of Emmon),0,0,0,0,0,0,0,0,0,1,20,0
250,Walder Frey (son of Ryman),1,0,0,0,0,0,0,0,0,1,45,0
251,Walder Frey (son of Merrett),1,0,0,0,0,0,0,0,0,0,9,0
252,Wallen,0,1,0,0,0,0,0,0,0,0,,0.02006689
253,Walton,1,0,1,1,1,1,0,0,0,1,,0.046822742
254,Walys Flowers,1,0,0,0,0,1,1,0,0,0,,0.023411371
255,Wat (Barleycorn),1,0,0,0,0,0,0,0,0,1,,0.006688963
256,Blue Bard,1,0,0,0,1,1,0,0,0,1,,0.053511706
257,Wat (orphan),0,0,0,0,1,0,0,0,0,1,,0.003344482
258,Wat (sailor),0,0,0,0,1,0,0,0,0,1,,0.006688963
259,Wat (Standfast),0,0,0,0,0,0,0,0,0,1,,0.003344482
260,Wat (Wet),1,0,0,0,0,0,0,0,0,1,,0.006688963
261,Wate,0,0,0,0,0,0,0,0,0,1,,0
262,Watt,1,0,0,1,0,0,0,0,0,0,,0.016722408
263,Wayn (guard),1,1,0,0,0,0,0,0,0,1,,0.010033445
264,Weasel,1,0,1,0,0,0,0,0,0,1,9,0.016722408
265,Wendell Webber,1,0,0,0,0,0,1,0,0,1,,0.013377926
266,Wendello Qar Deeth,0,0,1,0,0,0,0,0,0,1,,0.010033445
267,Werlag,0,0,1,0,0,0,0,0,0,1,,0.006688963
268,Rafford,1,0,1,1,1,1,0,0,0,0,,0.096989967
269,Jhogo,0,1,1,1,1,1,0,0,0,1,24,0.200668896
270,Sour Alyn,1,0,0,0,0,1,0,0,0,1,,0.043478261
271,Tobho Mott,1,1,1,1,1,1,0,0,0,1,,0.08361204
272,Zollo,1,0,0,1,1,0,0,0,0,1,,0.036789298
273,Tanda Stokeworth,0,1,1,1,1,1,1,1,0,0,,0.113712375
274,Samwell Tarly,1,1,1,1,1,1,0,0,1,1,22,0.969899666
275,Abelar Hightower,1,0,0,0,0,0,1,0,0,1,,0
276,Addam Frey,1,0,0,0,0,0,1,0,0,1,,0.026755853
277,Addam,1,0,0,0,0,0,1,0,0,1,,0.006688963
278,Addam Osgrey,1,0,0,0,0,0,0,0,0,0,13,0.036789298
279,Aegon Frey (son of Aenys),1,0,0,0,0,0,0,0,0,1,52,0
280,Aegon Frey (son of Stevron),1,0,0,0,0,0,0,0,0,0,50,0
281,Aegon I Targaryen,1,0,0,0,0,0,0,6,1,0,,1
282,Aegon II Targaryen,1,0,0,0,0,0,0,7,1,0,,0.759197324
283,Aegon IV Targaryen,1,0,0,0,0,0,0,15,1,0,,0.675585284
284,Aegon Targaryen (son of Baelon),1,0,0,0,0,0,1,0,0,1,,0
285,Aegon III Targaryen,1,0,0,0,0,0,0,8,1,0,,0.62541806
286,Aegon Targaryen (son of Jaehaerys I),0,0,0,0,0,0,1,0,0,0,100,0
287,Aegon Targaryen (son of Aenys I),1,0,0,0,0,0,1,0,0,0,17,0
288,Aegon Targaryen (son of Rhaegar),1,0,0,0,0,0,0,0,0,0,2,0
289,Aemon Costayne,1,0,0,1,0,0,0,0,0,1,,0.010033445
290,Aenys I Targaryen,1,0,0,0,0,0,0,5,1,0,,0.571906355
291,Aethan,0,0,0,1,0,0,0,0,0,1,,0.010033445
292,Aethelmure,0,1,0,0,0,0,1,0,0,1,,0.013377926
293,Aggar,1,0,1,0,0,1,0,0,0,0,,0.026755853
294,Agrivane,0,0,0,0,1,0,1,0,0,1,,0.006688963
295,Aerys I Targaryen,1,0,0,0,0,0,0,3,1,0,,0.622073579
296,Alaric of Eysen,0,0,0,1,1,0,0,0,0,1,,0.016722408
297,Aerys II Targaryen,1,0,0,0,0,0,0,10,1,0,,1
298,Alebelly,1,0,1,0,0,0,0,0,0,0,,0.030100334
299,Alequo Adarys,1,0,0,0,0,0,0,0,0,0,,0.013377926
300,Alester Oakheart,1,0,0,0,1,0,0,0,0,1,,0.016722408
301,Alia,0,0,0,0,0,0,0,0,0,1,,0
302,All-for-Joffrey,1,0,1,0,0,0,0,0,0,0,,0.006688963
303,Allaquo,1,0,0,0,1,0,0,0,0,1,,0.02006689
304,Allyria Dayne,0,0,0,1,0,0,0,0,0,1,,0.023411371
305,Alicent Hightower,0,0,0,0,0,0,1,4,0,0,45,0.267558528
306,Alyce,1,0,0,1,1,0,0,0,0,1,,0.006688963
307,Alvyn Sharp,1,0,0,0,1,0,0,0,0,1,,0.010033445
308,Alyn Hunt,1,0,0,0,1,0,1,0,0,1,,0.013377926
309,Alys Arryn,0,0,0,0,1,0,0,1,0,1,,0.080267559
310,Alysanne Bracken,0,0,0,0,0,1,0,0,0,1,,0.033444816
311,Alyn Velaryon,1,0,0,0,1,1,1,0,0,0,56,0.160535117
312,Alysanne Osgrey,0,0,0,0,0,0,0,0,0,0,21,0.026755853
313,Alyssa Arryn,0,1,0,0,0,0,0,0,0,1,,0.006688963
314,Alysanne Hightower,0,0,0,0,1,0,0,0,0,1,,0.056856187
315,Amabel,0,0,1,1,0,0,0,0,0,1,,0.003344482
316,Ambrode,0,0,1,0,0,0,0,0,0,1,,0.003344482
317,Andrey Dalt,0,0,0,0,1,0,1,0,0,1,,0.036789298
318,Andrey Charlton,1,0,1,0,0,0,1,0,0,0,,0.013377926
319,Argrave the Defiant,1,0,0,0,0,0,1,0,0,1,,0.013377926
320,Armen,1,0,0,0,1,0,0,0,0,1,,0.030100334
321,Arneld,1,0,1,0,0,0,1,0,0,1,,0.003344482
322,Arnell,1,0,1,0,0,0,1,0,0,1,,0.006688963
323,Arrec Durrandon,1,0,0,0,0,0,0,0,0,1,,0
324,Arron,1,0,0,1,1,1,0,0,0,1,,0.043478261
325,Arryk (guard),0,0,0,0,0,0,0,0,0,1,,0
326,Arron Qorgyle,1,0,0,1,1,0,1,0,0,1,,0.023411371
327,Arson,1,0,0,1,0,0,0,0,0,1,,0
328,Aubrey Ambrose,1,0,0,0,0,0,1,0,0,1,,0.006688963
329,Ayrmidon,0,1,0,0,0,0,0,0,0,1,,0.006688963
330,Baelon Targaryen (son of Viserys I),1,0,0,0,0,0,1,0,0,0,0,0.100334448
331,Baelon Targaryen (son of Aerys),0,0,0,0,0,0,1,0,0,1,,0.043478261
332,Balon Botley,1,0,0,0,1,0,0,0,0,1,,0.050167224
333,Baelor Targaryen (son of Daeron II),1,0,0,1,0,0,1,3,1,0,39,0.474916388
334,Bandy,0,0,1,0,1,0,0,0,0,1,,0.02006689
335,Bannen,1,0,1,1,0,0,0,0,0,0,,0.033444816
336,Barre,1,0,1,0,0,0,0,0,0,1,,0.013377926
337,Barbara Bracken,0,0,0,0,0,1,0,0,0,1,,0.030100334
338,Barth (brewer),1,0,1,0,0,0,0,0,0,1,,0.003344482
339,Bass,0,1,0,0,0,0,0,0,0,1,,0
340,Bearded Ben,1,0,0,0,1,1,0,0,0,1,,0.023411371
341,Becca,1,1,0,0,0,0,0,0,0,1,,0.003344482
342,Beck,1,0,0,1,0,0,1,0,0,1,6,0
343,Belandra,0,0,0,0,1,0,0,0,0,1,,0.006688963
344,Beldecar,0,0,0,1,0,0,0,0,0,1,,0.006688963
345,Belis,1,0,0,1,0,0,1,0,0,1,,0.02006689
346,Bellonara Otherys,0,0,0,0,1,0,0,0,0,1,,0.013377926
347,Bella,0,0,0,1,1,0,0,0,0,1,22,0.08361204
348,Ben,1,0,0,0,1,0,0,0,0,1,12,0.010033445
349,Ben Blackthumb,1,0,1,0,1,0,0,0,0,1,,0.026755853
350,Ben Bones,1,0,0,0,0,1,0,0,0,1,,0.033444816
351,Ben Bushy,0,0,0,0,1,0,1,0,0,0,,0.023411371
352,Benedict,0,0,0,0,1,0,1,0,0,1,,0.013377926
353,Benjen Stark (Bitter),1,0,1,0,0,0,0,0,0,1,,0.013377926
354,Benjen Stark (Sweet),1,0,1,0,0,0,0,0,0,1,,0.013377926
355,Bennet,0,0,0,0,1,0,0,0,0,1,,0.006688963
356,Bennis,1,0,0,0,0,0,1,0,0,1,,0.036789298
357,Beqqo,0,0,0,0,1,0,0,0,0,1,,0.003344482
358,Bennarion Botley,1,0,0,0,1,0,0,0,0,1,,0.046822742
359,Beron Blacktyde,0,0,0,0,1,1,0,0,0,1,,0.016722408
360,Bertram Beesbury,1,0,0,1,0,0,1,0,0,1,,0.003344482
361,Bessa,1,0,0,1,0,0,0,0,0,1,,0.006688963
362,Bessa (Winterfell),0,1,0,0,0,0,0,0,0,1,,0.003344482
363,Bess Bracken,0,0,0,0,0,1,0,0,0,1,,0.030100334
364,Bethany (Blushing Bethany),0,0,0,0,1,0,0,0,0,1,,0.016722408
365,Bethany Fair-Fingers,0,0,0,1,0,0,0,0,0,1,,0.006688963
366,Bharbo,0,1,0,0,0,0,0,2,0,1,,0.003344482
367,Big Boil,1,0,0,1,1,0,0,0,0,1,,0.006688963
368,Blind Doss,0,0,0,0,0,0,0,0,0,1,,0
369,Blane,1,0,1,1,0,0,0,0,0,1,,0.02006689
370,Bodger,0,0,0,1,1,0,0,0,0,1,,0.006688963
371,Borcas,1,1,0,0,0,0,0,0,0,1,,0
372,Bors,1,0,0,0,1,0,0,0,0,1,,0.006688963
373,Borroq,1,0,0,0,0,1,0,0,0,1,,0.026755853
374,Boy,1,0,0,1,1,0,0,0,0,1,21,0.010033445
375,Brandon Stark (Bad),1,0,1,0,0,0,1,0,0,1,,0.016722408
376,Brandon Stark (Burner),1,1,1,0,0,0,0,0,0,1,,0.033444816
377,Brandon Stark (the daughterless),1,0,1,0,0,0,1,0,0,1,,0.033444816
378,Brandon Stark (son of Cregan),1,0,1,0,0,0,1,0,0,1,,0.143812709
379,Brandon Stark (Shipwright),1,1,1,0,0,0,0,0,0,1,,0.036789298
380,Brea,0,0,0,0,1,0,0,0,0,1,,0.023411371
381,Brella,0,0,0,1,1,0,0,0,0,1,,0.016722408
382,Brenett,1,0,0,1,0,0,1,0,0,1,,0.003344482
383,Briar,0,0,0,0,0,1,0,0,0,1,,0.010033445
384,Brogg,1,0,0,0,0,1,0,0,0,1,,0.006688963
385,Brusco,1,0,0,0,1,1,0,0,0,1,,0.046822742
386,Brown Bernarr,0,0,1,1,0,0,0,0,0,0,,0.023411371
387,Bryan of Oldtown,0,0,0,0,0,0,0,0,0,1,,0.003344482
388,Bryen,1,0,0,1,0,0,0,0,0,1,85,0.016722408
389,Buford Bulwer,1,0,0,0,0,0,1,0,0,1,,0.016722408
390,Bump,1,0,0,0,0,1,0,0,0,1,,0.023411371
391,Buu,0,1,0,0,0,0,0,0,0,1,,0
392,Byan Votyris,1,1,0,0,0,0,0,0,0,1,,0
393,Byam Flint,1,0,0,1,0,0,1,0,0,0,,0.02006689
394,Byren Flowers,1,0,0,0,0,0,1,0,0,1,,0.006688963
395,Byron,0,0,0,0,1,1,1,0,0,1,,0.02006689
396,Cadwyl,1,0,1,1,0,0,0,0,0,1,,0.010033445
397,Lord Cafferen,1,0,0,1,0,0,1,0,0,0,,0.02006689
398,Calon,0,0,1,0,0,0,0,0,0,1,,0.013377926
399,Cadwyn,0,0,1,0,0,0,1,0,0,1,,0
400,Canker Jeyne,0,0,0,0,1,0,0,0,0,1,,0.010033445
401,Carellen Smallwood,0,0,0,1,1,0,0,0,0,1,,0.036789298
402,Cass,0,0,0,1,1,0,0,0,0,1,,0.016722408
403,Carrot,0,0,0,0,1,0,0,0,0,1,,0.010033445
404,Castos,0,0,0,0,1,0,1,0,0,1,,0.006688963
405,Cedra,0,0,0,0,1,0,0,0,0,1,,0.013377926
406,Catelyn Bracken,0,0,0,0,0,1,0,0,0,1,,0.030100334
407,Cedric Payne,1,0,0,0,1,0,1,0,0,0,,0.013377926
408,Cedrik Storm,0,0,0,1,0,0,0,0,0,1,,0.003344482
409,Cerrick,1,0,0,0,0,0,1,0,0,1,,0.006688963
410,Cetheres,0,0,0,0,1,0,1,0,0,1,,0.006688963
411,Catelyn Stark,0,0,0,0,0,0,1,7,0,0,35,0
412,Cheyk,0,1,1,0,0,1,0,0,0,1,,0.013377926
413,Chiggen,1,1,0,0,0,0,0,0,0,0,,0.016722408
414,Clarence Crabb,1,0,0,0,1,0,1,0,0,1,,0.026755853
415,Clarence Charlton,0,0,0,0,0,0,1,0,0,1,,0.013377926
416,Clarence Crabb (Short),1,0,0,0,1,0,1,0,0,1,,0.006688963
417,Clement,1,0,0,0,1,0,1,0,0,1,54,0.013377926
418,Cleyton Caswell,0,0,0,0,0,0,1,0,0,1,,0.003344482
419,Clifford Conklyn,1,0,0,0,0,0,1,0,0,1,,0.006688963
420,Colen of Greenpools,1,0,1,0,0,0,1,0,0,1,,0.016722408
421,Collio Quaynis,1,0,0,1,0,0,0,0,0,1,,0.016722408
422,Conn,1,1,0,0,0,0,0,0,0,0,,0.013377926
423,Coratt,1,1,0,0,0,0,0,0,0,1,,0.003344482
424,Cosgrove,0,0,0,0,0,0,1,0,0,1,,0
425,Cossomo,1,0,0,0,1,0,0,0,0,1,,0.013377926
426,Courtenay Greenhill,0,0,0,0,1,0,1,0,0,1,,0
427,Cregan Karstark,1,0,0,0,0,1,0,0,0,1,56,0.066889632
428,Cutjack,1,0,1,0,0,0,0,0,0,1,,0.033444816
429,Dacks,1,1,0,0,0,0,0,0,0,1,,0
430,Daella Targaryen (daughter of Jaehaerys I),0,0,0,0,0,0,1,0,0,0,28,0.086956522
431,Daella Targaryen (daughter of Maekar I),1,0,0,0,0,0,1,0,0,0,100,0.080267559
432,Daenerys Targaryen (daughter of Aegon IV),0,0,0,0,0,1,1,10,0,0,100,0.093645485
433,Daeron I Targaryen,1,0,0,0,0,0,0,7,1,0,,0.518394649
434,Daena Targaryen,0,0,0,0,0,0,1,7,0,0,100,0.227424749
435,Daeryssa,0,1,0,0,0,0,1,0,0,1,,0.006688963
436,Daeron Targaryen (son of Viserys I),1,0,0,0,0,0,1,0,0,0,16,0.227424749
437,Dagon Ironmaker,1,0,0,0,1,0,0,0,0,1,,0.016722408
438,Daeron Targaryen (son of Maekar I),1,0,1,0,1,0,1,0,0,0,31,0.130434783
439,Daeron II Targaryen,1,0,0,0,0,0,0,10,1,0,,0.765886288
440,Dake,1,0,0,0,0,0,0,0,0,1,,0.010033445
441,Dale Drumm,0,0,0,0,1,0,0,0,0,1,,0.010033445
442,Dalla (Dragonstone),0,0,1,0,0,0,0,0,0,1,,0.006688963
443,Damon Lannister (lord),1,0,0,0,0,0,1,0,0,0,,0
444,Dan,1,0,0,1,1,0,0,0,0,1,,0.003344482
445,Damon Lannister (son of Jason),1,0,0,0,0,0,0,0,0,1,61,0.060200669
446,Darla Deddings,0,0,0,0,0,0,1,0,0,1,,0.010033445
447,Danos Slynt,1,0,0,1,0,0,0,0,0,1,,0.023411371
448,Daughter of the Dusk,0,0,0,0,1,0,0,0,0,1,,0.013377926
449,Del,0,0,0,1,1,0,0,0,0,0,16,0.013377926
450,Denestan,0,0,0,0,1,0,1,0,0,1,,0.010033445
451,Denyo Terys,1,0,0,0,1,0,0,0,0,1,18,0.016722408
452,Dennis Plumm,1,0,0,1,1,0,1,0,0,1,,0.026755853
453,Denys Drumm,1,0,0,0,1,0,0,0,0,1,,0.016722408
454,Denys Redwyne,1,0,0,0,1,0,0,0,0,1,,0.073578595
455,Denyse Hightower,0,0,0,0,1,0,0,0,0,1,,0.073578595
456,Dhazzar,0,0,0,0,0,1,1,0,0,1,,0.013377926
457,Dick Follard,1,0,0,1,0,0,0,0,0,0,,0.030100334
458,Dickon Manwoody,1,0,0,1,1,0,0,0,0,1,,0.026755853
459,Dobber,1,0,1,0,0,0,0,0,0,0,,0.026755853
460,Donnel Drumm,1,0,0,0,1,0,0,0,0,1,,0.016722408
461,Donel Greyjoy,1,0,0,0,1,0,0,0,0,1,,0.060200669
462,Donella Hornwood,0,0,1,0,0,1,1,0,0,0,50,0.096989967
463,Donnel Hill,1,0,0,1,1,1,0,0,0,1,,0.043478261
464,Donnis,0,1,0,0,0,0,0,0,0,1,,0.006688963
465,Donyse,0,0,0,1,0,0,0,0,0,1,,0
466,Dorcas,0,0,0,0,1,0,0,0,0,1,,0.02006689
467,Dornish Dilly,0,0,0,1,0,0,0,0,0,0,,0.003344482
468,Dorren Stark,1,0,1,0,0,0,0,0,0,1,,0.013377926
469,Draqaz,0,0,0,0,0,1,1,0,0,1,,0.016722408
470,Drennan,1,0,1,0,0,0,0,0,0,0,,0.013377926
471,Dudley,1,0,0,1,0,0,1,0,0,1,,0
472,Dryn,1,0,0,1,1,1,0,0,0,1,,0.016722408
473,Dunaver,0,0,1,0,0,0,1,0,0,1,,0.006688963
474,Durran,1,0,0,0,0,0,0,0,0,1,,0.043478261
475,Dyah,0,0,0,1,1,0,0,0,0,1,,0.016722408
476,Dykk Harlaw,1,0,1,0,0,0,0,0,0,0,,0.010033445
477,Easy,1,0,0,1,0,0,0,0,0,0,,0.003344482
478,Duncan Targaryen,1,0,0,1,1,1,1,6,0,0,39,0.140468227
479,Edgerran Oakheart,1,0,0,0,1,0,1,0,0,1,,0.006688963
480,Eden Risley,1,0,0,0,0,0,1,0,0,1,,0.003344482
481,Edmund Ambrose,0,0,0,0,1,0,1,0,0,1,,0.023411371
482,Edwyn Osgrey,1,0,0,0,0,0,1,0,0,0,,0.02006689
483,Eggon,1,0,1,0,0,0,0,0,0,1,,0.013377926
484,Eglantine,0,0,0,0,1,0,0,0,0,1,,0.006688963
485,Egon Emeros,0,0,1,0,0,1,0,0,0,1,,0.013377926
486,Eldiss,1,0,1,0,0,0,0,0,0,1,,0.013377926
487,Eldred Codd,1,0,0,0,1,0,0,0,0,1,,0.016722408
488,Elaena Targaryen,0,0,0,0,0,0,1,7,0,0,70,0.137123746
489,Elys Westerling,0,0,0,1,0,0,1,0,0,1,,0.013377926
490,Elyas Willum,1,0,1,0,0,0,0,0,0,1,,0.013377926
491,Elza,0,0,0,0,0,1,0,0,0,0,,0.010033445
492,Emma,0,0,0,0,1,0,0,0,0,1,45,0.016722408
493,Elys Waynwood,0,0,0,0,1,0,1,0,0,1,,0.070234114
494,Emrick,1,0,0,1,1,1,0,0,0,1,,0.043478261
495,Endehar,0,0,1,0,0,0,0,0,0,1,,0
496,Emphyria Vance,0,0,0,0,1,0,0,0,0,1,,0.016722408
497,Enger,0,0,1,0,0,0,0,0,0,1,,0
498,Erik Ironmaker,1,0,0,0,1,1,1,0,0,1,94,0.050167224
499,Erreck,1,0,0,1,0,0,1,0,0,1,,0.003344482
500,Erreg,0,0,0,1,0,0,1,0,0,1,,0.016722408
501,Errok,1,0,0,1,1,0,0,0,0,1,,0.006688963
502,Erryk (guard),0,0,0,0,0,0,0,0,0,1,,0
503,Esgred,1,0,1,0,0,0,0,0,0,1,,0
504,Eustace (Braavos),0,0,0,0,1,0,0,0,0,1,,0.010033445
505,Eustace (Dance of the Dragons),1,0,0,0,0,0,0,0,0,1,,0.036789298
506,Ezzara,0,0,0,0,0,1,1,0,0,1,,0.006688963
507,Euron Greyjoy,1,0,0,0,0,0,0,4,1,1,,0.739130435
508,Ezzelyno,0,0,0,0,1,0,1,0,0,1,,0.013377926
509,Fern,0,0,0,1,0,0,0,0,0,1,,0.006688963
510,Ferny,0,0,0,1,1,0,0,0,0,1,,0.016722408
511,Ferret,0,0,0,0,0,0,0,0,0,1,,0.003344482
512,Fogo,1,1,0,0,0,0,1,0,0,0,,0.02006689
513,Fornio,1,0,0,1,0,0,0,0,0,1,,0.010033445
514,Fralegg,1,0,0,0,1,0,0,0,0,1,,0.006688963
515,Frenya,1,0,0,0,0,1,0,0,0,0,,0.043478261
516,Frynne,0,0,0,0,1,0,0,0,0,1,,0
517,Gage,0,1,1,1,0,0,0,0,0,1,,0.033444816
518,Galladon of Morne,1,0,0,0,0,0,1,0,0,1,,0
519,Gallard,0,0,0,0,1,0,1,0,0,1,,0.010033445
520,Galt,0,0,1,0,1,0,0,0,0,1,,0.003344482
521,Galtry the Green,1,0,0,0,0,0,1,0,0,1,,0.013377926
522,Galyeon of Cuy,1,0,0,1,0,0,0,0,0,1,,0.006688963
523,Gareth the Grey,1,0,0,0,0,0,1,0,0,1,,0.003344482
524,Garigus,1,0,0,1,0,0,1,0,0,1,,0.02006689
525,Garizon,0,0,0,0,1,0,1,0,0,1,,0.006688963
526,Gariss,1,0,1,0,0,0,0,0,0,1,,0
527,Garrett Paege,1,0,0,0,1,1,0,0,0,1,,0.013377926
528,Garth XII Gardener,0,0,0,0,0,0,0,0,0,1,,0.013377926
529,Garth of Oldtown,0,0,0,1,0,0,0,0,0,0,,0.02006689
530,Gascoyne,0,0,0,0,1,1,1,0,0,1,,0.013377926
531,Gavin,0,0,0,0,0,1,0,0,0,1,,0.006688963
532,Gelmarr,1,0,1,0,0,1,0,0,0,0,,0.026755853
533,Gerren,0,0,1,0,0,0,0,0,0,1,,0.016722408
534,Gerold Lannister,1,0,0,0,0,0,1,0,0,0,,0.086956522
535,Ghael,1,0,0,1,0,1,1,0,0,1,,0.023411371
536,Gillam,1,0,0,0,1,0,1,0,0,1,,0.010033445
537,Gladden Wylde,1,1,0,0,0,0,1,0,0,0,,0.016722408
538,Glendon Flowers,1,0,0,0,0,0,1,0,0,0,100,0.080267559
539,Goady,0,0,0,1,1,1,0,0,0,1,,0.016722408
540,Godwyn,1,1,0,0,0,0,0,0,0,1,,0
541,Gormond Drumm,1,0,0,0,1,0,0,0,0,1,,0.006688963
542,Gowen Baratheon,1,1,0,0,0,0,0,0,0,1,,0.016722408
543,Grance Morrigen,1,0,0,0,0,0,1,0,0,1,,0.010033445
544,Grazdan,1,0,0,1,0,0,1,0,0,0,,0.013377926
545,Grazdan zo Galare,1,0,0,0,0,1,0,0,0,1,,0.02006689
546,Green Gergen,1,0,0,0,0,0,0,0,0,1,,0
547,Great Walrus,1,0,0,0,0,1,0,0,0,1,,0.013377926
548,Gretchel,1,0,0,0,1,1,0,0,0,1,,0.016722408
549,Grey King,1,0,0,0,0,0,0,0,0,1,,0.076923077
550,Griffin King,1,0,0,0,0,0,0,0,0,1,,0.02006689
551,Grigg,0,0,0,1,1,0,0,0,0,1,,0.006688963
552,Grisel,0,0,0,1,0,0,0,0,0,1,,0.003344482
553,Grisella,0,0,0,0,0,1,0,0,0,1,,0.010033445
554,Gulian,0,0,0,0,1,0,1,0,0,1,,0.003344482
555,Gulian Qorgyle,1,0,0,0,1,0,1,0,0,1,,0.013377926
556,Gurn,0,1,0,0,0,0,0,0,0,1,,0.003344482
557,Guyne,0,0,0,0,1,0,1,0,0,1,,0.006688963
558,Gwayne Corbray,1,0,0,0,1,0,1,0,0,1,,0.043478261
559,Gwayne Gaunt,0,0,0,1,0,0,1,0,0,1,,0.036789298
560,Gwin Goodbrother,0,0,0,0,1,0,0,0,0,1,,0.026755853
561,Gyles,0,0,0,0,1,0,1,0,0,1,,0.003344482
562,Gyleno Dothare,1,0,0,0,1,0,0,0,0,1,,0.013377926
563,Gyles Farwynd,1,0,0,0,1,0,0,0,0,1,,0.010033445
564,Gwynesse Harlaw,0,0,0,0,1,0,0,0,0,1,,0.056856187
565,Gyles Grafton,1,0,0,0,1,0,0,0,0,1,,0.016722408
566,Gyloro Dothare,1,0,0,0,1,0,0,0,0,1,,0.013377926
567,Gyles III Gardener,1,0,0,0,0,0,0,0,0,1,,0.02006689
568,Gynir,1,0,1,0,0,1,0,0,0,0,,0.026755853
569,Haggon,1,0,0,0,0,1,0,0,0,1,,0.02006689
570,Gysella Goodbrother,0,0,0,0,1,0,0,0,0,1,,0.026755853
571,Hali,0,1,0,0,0,0,0,0,0,0,,0.02006689
572,Haldon,1,0,0,0,0,1,0,0,0,1,,0.127090301
573,Harbert Paege,0,0,0,0,0,0,1,0,0,1,,0.013377926
574,Hamish the Harper,0,0,0,1,1,1,0,0,0,0,,0.02006689
575,Halys Hornwood,1,1,1,0,1,0,1,0,0,0,,0.107023411
576,Harghaz,1,0,0,0,0,1,0,0,0,0,,0.023411371
577,Hareth (Mole's Town),1,0,0,0,0,0,0,0,0,1,,0.050167224
578,Harlan Grandison,1,0,0,1,0,0,1,0,0,0,,0.016722408
579,Harle the Handsome,1,0,0,0,0,1,0,0,0,1,,0.013377926
580,Harle the Huntsman,1,0,0,0,0,1,0,0,0,1,,0.016722408
581,Harlon Botley,1,0,0,0,1,0,0,0,0,1,,0.046822742
582,Harmund Sharp,1,0,0,0,1,0,0,0,0,1,,0.010033445
583,Harlon Greyjoy,1,0,0,0,1,0,0,0,0,1,,0.063545151
584,Harodon,0,0,0,0,1,0,1,0,0,1,,0.006688963
585,Harra,0,0,1,0,0,0,0,0,0,0,,0.016722408
586,Harrag Sharp,0,0,1,0,0,0,0,0,0,0,,0.016722408
587,Harrag Hoare,1,0,0,0,0,0,0,0,0,1,,0.026755853
588,Harren Half-Hoare,1,0,0,0,1,1,0,0,0,1,,0.016722408
589,Harren Botley,0,0,0,0,1,0,0,0,0,0,,0.060200669
590,Harrold Osgrey,1,0,0,0,0,0,1,0,0,1,,0.023411371
591,Harry Sawyer,0,0,0,0,1,0,1,0,0,1,,0.016722408
592,Harsley,1,0,0,1,0,1,0,0,0,0,,0.003344482
593,Harwyn Hoare,1,0,0,0,0,0,0,0,0,1,,0.100334448
594,Hayhead,1,0,1,0,0,0,0,0,0,1,,0.016722408
595,Hazrak zo Loraq,1,0,0,0,0,1,0,0,0,1,,0.010033445
596,Harwyn Plumm,1,0,0,1,1,0,1,0,0,1,,0.046822742
597,Helicent Uffering,0,0,0,0,0,0,0,0,0,0,100,0.023411371
598,Helliweg,0,0,0,0,1,0,1,0,0,1,,0.010033445
599,Helly,0,0,0,1,1,0,0,0,0,1,,0.013377926
600,Helya,0,0,1,1,1,0,0,0,0,1,,0.016722408
601,Henk,1,0,0,1,1,0,0,0,0,1,,0.006688963
602,Henly (House Ashford),0,0,0,0,0,0,0,0,0,1,,0.006688963
603,Herbert Bolling,0,0,0,0,1,0,1,0,0,1,,0.010033445
604,Hendry Bracken,0,0,1,0,0,0,0,0,0,0,,0.040133779
605,Heward,0,1,0,0,0,0,0,0,0,0,,0.02006689
606,Hibald,1,0,0,0,1,0,0,0,0,1,,0.013377926
607,Hilmar Drumm,1,0,0,0,1,0,0,0,0,1,,0.006688963
608,Hod,1,0,1,0,0,0,0,0,0,1,,0.003344482
609,Hoke,0,0,0,0,1,0,0,0,0,1,,0.010033445
610,Holger,0,0,1,0,0,0,0,0,0,1,,0.003344482
611,Hop-Robin,1,0,0,1,1,1,0,0,0,1,,0.033444816
612,Hugh Beesbury,0,0,0,0,1,0,1,0,0,1,,0.013377926
613,Humfrey Clifton,1,0,0,0,0,1,1,0,0,1,,0.013377926
614,Hunnimore,0,0,0,0,0,0,1,0,0,1,,0
615,Husband,1,0,0,1,1,0,0,0,0,1,,0.043478261
616,Illifer,1,0,0,0,1,0,1,0,0,1,65,0.040133779
617,Ironbelly,1,0,1,1,0,0,0,0,0,1,,0.010033445
618,Jaehaerys Targaryen (son of Aegon II),1,0,0,0,0,0,1,0,0,0,6,0.18729097
619,Jaehaera Targaryen,0,0,0,0,0,0,1,0,0,0,10,0.280936455
620,Jaggot,0,1,0,0,0,0,0,0,0,1,,0
621,Jaehaerys II Targaryen,1,0,0,0,0,0,0,0,1,0,,0.494983278
622,Jaime Frey,1,0,0,0,1,0,0,0,0,1,6,0.127090301
623,Jaehaerys I Targaryen,1,0,0,0,0,0,0,5,1,0,,0.658862876
624,Jate,0,0,0,0,1,0,0,0,0,0,,0
625,Jate Blackberry,1,0,0,1,0,0,0,0,0,1,,0.010033445
626,Jasper Waynwood,1,0,0,0,1,0,0,0,0,1,,0.056856187
627,Jayde,0,0,0,1,0,0,0,0,0,1,,0.02006689
628,Jeffory Norcross,1,0,0,0,1,0,1,0,0,1,,0.006688963
629,Jeffory Mallister,1,0,1,0,0,0,0,0,0,1,,0.02006689
630,Jayne Bracken,0,0,0,0,0,1,0,0,0,1,,0.030100334
631,Squinty Jeyne,0,0,0,0,0,0,0,0,0,1,,0.006688963
632,Jeyne Fossoway,0,0,0,0,1,0,0,0,0,1,,0.053511706
633,Jeyne Heddle,0,0,0,0,1,0,0,0,0,1,24,0.033444816
634,Jeyne Swann,0,0,0,1,0,0,0,0,0,1,,0.016722408
635,Jeyne Westerling (wife of Maegor I),0,0,0,1,0,0,1,0,0,0,20,0.110367893
636,Jeyne Waters,1,0,0,0,0,0,0,0,0,0,100,0.073578595
637,Jeyne Westerling,0,0,0,1,1,0,1,0,1,1,22,0.424749164
638,Jocelyn Swyft,0,0,0,0,1,1,0,0,0,1,,0.016722408
639,Jodge,1,0,1,0,0,0,0,0,0,1,,0.003344482
640,Joanna Swyft,0,0,0,1,1,0,0,0,0,1,,0.023411371
641,Joanna Lannister,0,1,1,1,1,1,1,5,0,0,28,0.230769231
642,Johanna Swann,0,0,0,0,0,0,0,0,0,1,,0.02006689
643,Jommo,1,1,0,0,1,0,0,0,0,1,,0.010033445
644,Jommy,1,0,1,0,0,0,0,0,0,1,,0.003344482
645,Jon Cupps,1,0,0,0,1,0,1,0,0,1,,0.050167224
646,Jon Heddle,1,0,0,0,1,0,1,0,0,1,,0.006688963
647,Jon Hollard,1,0,0,0,1,0,1,0,0,1,,0.026755853
648,Jon Penny,0,0,0,0,1,0,0,0,0,1,,0.006688963
649,Jon Penrose,1,0,0,0,0,0,1,0,0,1,,0.016722408
650,Jon Pox,1,0,0,0,1,0,0,0,0,1,,0.016722408
651,Jon Vance,1,0,0,0,1,0,1,0,0,1,,0.023411371
652,Jon Umber (Smalljon),1,1,1,1,1,1,0,0,0,0,,0.070234114
653,Jon Umber (Greatjon),1,1,1,1,1,1,1,0,0,1,,0.183946488
654,Jon Waters,1,0,0,0,1,0,1,0,0,0,100,0.076923077
655,Jorquen,1,0,0,0,1,0,0,0,0,1,,0.003344482
656,Jorgen,1,0,0,0,0,0,0,0,0,1,,0
657,Joseran,0,0,0,0,1,0,1,0,0,1,,0.003344482
658,Joseth,1,1,1,0,0,0,0,0,0,1,,0.030100334
659,Joseth Mallister,0,0,0,0,0,0,1,0,0,1,,0.013377926
660,Joss,1,1,0,0,0,0,0,0,0,1,,0.003344482
661,Joss the Gloom,0,0,0,0,1,0,0,0,0,1,,0.010033445
662,Joth Quickbow,0,0,0,1,0,0,0,0,0,1,,0
663,Josua Willum,1,0,1,0,0,0,0,0,0,1,,0.013377926
664,Jurne,0,0,1,1,1,0,1,0,0,1,,0.013377926
665,Jothos Slynt,1,0,0,1,0,0,0,0,0,1,,0.023411371
666,Jyck,1,1,0,0,0,0,0,0,0,0,,0.030100334
667,Jyzene,0,0,0,1,1,0,0,0,0,1,,0.013377926
668,Kegs,1,0,0,1,1,1,0,0,0,1,,0.016722408
669,Kella,0,0,0,1,0,0,0,0,0,1,,0.003344482
670,Kemmett Pyke,0,0,0,0,1,1,0,0,0,1,,0.010033445
671,Kenned,0,0,1,0,0,0,0,0,0,0,,0.006688963
672,Ketter,0,1,0,0,0,0,0,0,0,1,,0
673,Kirby Pimm,1,0,0,0,0,0,1,0,0,1,,0
674,Kojja Mo,0,0,0,0,1,0,0,0,0,1,,0.016722408
675,Kirth Vance,1,0,0,1,1,0,0,0,0,1,,0.026755853
676,Koss,1,0,1,0,0,0,0,0,0,0,,0.036789298
677,Kromm,0,0,1,0,0,0,0,0,0,0,,0.006688963
678,Kurz,1,0,1,0,0,0,0,0,0,0,,0.036789298
679,Kyle,1,0,0,0,0,0,1,0,0,1,,0.026755853
680,Kyle (brotherhood),0,0,0,0,0,0,0,0,0,0,,0
681,Kyle Royce,1,0,1,0,0,0,0,0,0,1,,0.02006689
682,Kyleg,0,0,0,0,0,1,0,0,0,1,,0.010033445
683,Kym,0,0,1,0,0,0,1,0,0,1,,0
684,Lamprey,1,0,0,1,0,0,0,0,0,1,,0.010033445
685,Lancel V Lannister,0,0,0,0,0,0,0,0,0,1,,0.02006689
686,Lanna,0,0,0,1,1,0,0,0,0,1,20,0.02006689
687,Lanna (Happy Port),0,0,0,0,1,0,0,0,0,1,19,0.026755853
688,Larraq,1,0,0,0,0,1,0,0,0,1,,0.02006689
689,Layna,0,0,1,0,0,0,0,0,0,1,26,0.023411371
690,Lem,1,0,0,1,1,0,0,0,0,1,,0.08361204
691,Leana Frey,0,0,0,0,1,0,0,0,0,1,6,0.073578595
692,Lennocks,1,0,0,1,0,0,0,0,0,1,,0.003344482
693,Lem (Standfast),0,0,0,0,0,0,0,0,0,0,100,0.013377926
694,Lenn,0,0,0,1,1,0,0,0,0,1,,0.006688963
695,Lenyl,1,0,0,1,1,1,0,0,0,1,,0.010033445
696,Lenwood Tawney,1,0,0,0,1,0,0,0,0,1,,0.010033445
697,Leo Tyrell (Longthorn),1,0,0,1,0,0,1,0,0,1,,0.053511706
698,Leona Tyrell,0,0,0,1,1,0,0,0,0,1,,0.123745819
699,Leo Tyrell (son of Victor),1,0,0,1,1,0,1,0,0,1,,0.130434783
700,Lester,0,0,0,1,1,0,0,0,0,1,,0.016722408
701,Lew (guard),0,0,0,0,0,0,0,0,0,1,,0
702,Lewis Lanster,1,0,0,0,0,1,0,0,0,1,,0.006688963
703,Lewys Piper,1,0,0,0,1,1,0,0,0,1,,0.033444816
704,Leyla Hightower,0,0,0,0,1,0,0,0,0,1,,0.050167224
705,Lia Serry,0,0,0,1,1,0,0,0,0,1,,0.137123746
706,Liane Vance,0,0,0,0,1,0,0,0,0,1,,0.016722408
707,Lister,1,0,0,1,0,0,0,0,0,1,,0.003344482
708,Long Lew,1,0,0,0,0,0,0,0,0,1,,0
709,Lorcas,1,0,0,0,1,0,0,0,0,1,64,0.010033445
710,Lorent Lorch,0,0,0,0,1,1,1,0,0,1,,0.010033445
711,Lorimer,1,0,0,0,1,0,1,0,0,0,,0.013377926
712,Lorren,1,0,1,0,0,0,0,0,0,0,,0.023411371
713,Lothar,1,0,0,0,0,0,1,0,0,1,,0
714,Lorent Tyrell,0,0,0,1,1,0,0,0,0,1,,0.127090301
715,Lotho Lornel,0,0,0,0,1,0,0,0,0,1,,0.006688963
716,Lucan,1,0,1,0,0,0,0,0,0,0,,0.013377926
717,Lucamore Strong,1,0,0,0,1,0,1,0,0,1,,0.016722408
718,Lucantine Woodwright,0,0,0,0,1,0,1,0,0,1,,0.010033445
719,Lucas Nayland,0,0,0,0,0,0,1,0,0,1,,0.003344482
720,Lucas Roote,1,0,0,1,0,0,0,0,0,0,,0.013377926
721,Lucifer Hardy,1,0,0,0,1,0,1,0,0,1,,0.006688963
722,Luco Prestayn,0,0,0,0,1,0,0,0,0,1,,0.003344482
723,Lucimore Botley,0,0,0,0,1,0,0,0,0,1,,0.046822742
724,Lucos,1,0,0,0,1,0,0,0,0,1,,0.006688963
725,Luke of Longtown,0,0,0,0,0,1,0,0,0,1,,0.013377926
726,Lucas Tyrell,1,0,0,1,1,0,0,0,0,1,,0.123745819
727,Lum,1,0,0,1,1,0,0,0,0,1,,0.013377926
728,Luton,1,0,0,0,0,1,0,0,0,0,,0.023411371
729,Luthor Tyrell (son of Moryn),0,0,0,1,1,0,1,0,0,1,,0.130434783
730,Luthor Tyrell (son of Theodore),1,0,0,1,1,0,0,0,0,1,,0.137123746
731,Lymond Mallister,0,0,0,0,0,0,1,0,0,1,,0.013377926
732,Lync,0,0,1,0,0,0,0,0,0,1,,0.006688963
733,Lyonel (knight),1,0,1,0,0,0,1,0,0,1,,0.013377926
734,Lyonel Bentley,0,0,0,0,0,0,1,0,0,0,,0.013377926
735,Lyonel Tyrell (lord),1,0,0,0,0,0,1,0,0,0,,0.02006689
736,Lysa Meadows,0,0,0,1,1,0,0,0,0,1,,0.130434783
737,Lyonel Tyrell (son of Leo),0,0,0,1,1,0,0,0,0,1,,0.130434783
738,Maddy,0,0,0,0,1,1,0,0,0,1,,0.013377926
739,Maerie (Goodwife),0,0,0,1,0,0,1,0,0,1,,0.003344482
740,Maerie (Whore),0,0,0,1,0,0,0,0,0,0,,0.003344482
741,Maggy,1,0,0,1,1,0,0,0,0,1,,0.056856187
742,Malcolm,0,0,1,0,0,0,1,0,0,1,,0.006688963
743,Malleon,1,1,0,0,0,0,1,0,0,1,,0.016722408
744,Malliard,1,0,1,0,0,0,1,0,0,1,,0.006688963
745,Mallor (Knight),1,0,0,0,0,0,1,0,0,1,,0
746,Mallor,0,1,0,0,0,0,0,0,0,1,,0.006688963
747,Manfred Dondarrion,1,0,0,0,0,0,1,0,0,1,,0.010033445
748,Manfred Lothston,1,0,0,0,0,0,0,0,0,1,,0.010033445
749,Manfred Swann,0,0,0,1,0,0,1,0,0,1,,0.016722408
750,Manfryd Lothston,1,0,0,0,1,0,0,0,0,1,,0.006688963
751,Manfryd Yew,0,0,0,0,1,1,1,0,0,1,,0.02006689
752,Marei,1,0,1,1,1,1,0,0,0,1,25,0.043478261
753,Marghaz zo Loraq,1,0,0,0,0,1,0,0,0,1,,0.033444816
754,Maris,0,0,0,0,0,1,0,0,0,1,,0.006688963
755,Marq Grafton,1,0,0,0,1,0,0,0,0,0,,0.030100334
756,Martyn Mullendore,0,0,0,0,1,0,1,0,0,1,,0.006688963
757,Maslyn,0,0,0,1,0,0,0,0,0,0,,0.013377926
758,Mathos Mallarawan,0,0,1,0,0,0,0,0,0,1,,0.016722408
759,Matrice,0,0,1,0,0,0,0,0,0,1,,0.003344482
760,Matt,1,0,0,1,0,0,0,0,0,1,,0.003344482
761,Maynard,1,0,0,1,1,0,1,0,0,1,,0.013377926
762,Maynard Plumm,1,0,0,0,0,0,1,0,0,1,,0.023411371
763,Mazdhan zo Loraq,1,0,0,0,0,1,0,0,0,1,,0.010033445
764,Mebble,1,0,1,0,0,0,0,0,0,1,,0.006688963
765,Meha,0,0,0,0,0,1,0,0,0,1,,0.006688963
766,Mela,0,0,0,0,1,1,0,0,0,1,,0.010033445
767,Meizo Mahr,0,0,0,1,0,0,0,0,0,1,,0.006688963
768,Melaquin,0,0,0,0,0,0,1,0,0,1,,0
769,Medwick Tyrell,1,0,0,1,1,0,1,0,0,1,,0.120401338
770,Meliana,0,0,0,1,0,0,0,0,0,1,,0
771,Melicent,0,0,0,0,1,0,0,0,0,1,,0.003344482
772,Mellei,0,0,0,0,1,0,0,0,0,1,,0.010033445
773,Melly,0,0,0,1,0,0,0,0,0,1,,0.003344482
774,Mellos,1,0,0,0,0,0,1,0,0,1,,0.237458194
775,Meralyn,0,0,0,0,1,0,0,0,0,1,,0.026755853
776,Merling Queen,0,0,0,0,1,1,0,0,0,1,,0.02006689
777,Mero,1,0,0,1,0,1,0,0,0,0,,0.046822742
778,Merrell Florent,1,0,1,1,1,0,0,0,0,1,,0.066889632
779,Michael Mertyns,1,0,0,0,1,0,1,0,0,1,,0.006688963
780,Miklaz,0,0,0,0,0,1,1,0,0,1,,0.016722408
781,Mollander,1,0,0,0,1,0,0,0,0,1,,0.036789298
782,Mollos,0,0,0,0,1,0,1,0,0,1,,0.010033445
783,Moonshadow,0,0,0,0,1,0,0,0,0,1,,0.010033445
784,Moreo Tumitis,1,1,0,0,0,0,0,0,0,1,37,0.010033445
785,Morgarth,1,0,0,0,1,1,1,0,0,1,,0.016722408
786,Moro,1,1,0,0,1,0,0,0,0,1,,0.016722408
787,Morra,0,0,0,0,1,0,0,0,0,1,,0.010033445
788,Morrec,1,1,0,0,0,0,0,0,0,0,,0.026755853
789,Mors Manwoody,1,0,0,1,1,0,0,0,0,1,,0.023411371
790,Mortimer Boggs,1,0,0,0,0,0,1,0,0,1,,0.013377926
791,Mors Martell (brother of Doran),1,0,0,0,1,0,0,0,0,0,0,0.066889632
792,Mother Mole,0,0,0,0,0,1,0,0,0,1,,0.043478261
793,Mudge (brotherhood),0,0,0,0,0,0,0,0,0,1,,0
794,Mudge (miller),1,0,0,1,0,0,0,0,0,1,,0.003344482
795,Mudge (swineherd),1,0,0,0,0,0,0,0,0,1,,0
796,Munciter,1,0,1,0,0,0,1,0,0,1,,0.006688963
797,Mully,1,0,0,1,1,1,0,0,0,1,,0.050167224
798,Murch,1,0,1,0,0,0,0,0,0,1,,0.010033445
799,Murch (Winterfell),1,0,1,0,0,0,0,0,0,1,,0.003344482
800,Myles (squire),1,0,1,0,0,0,0,0,0,0,,0.013377926
801,Myrtle,0,0,0,0,0,1,0,0,0,0,,0.046822742
802,Nage,1,0,0,1,0,0,0,0,0,1,,0.003344482
803,Nail,0,0,0,0,0,1,0,0,0,1,,0.013377926
804,Narbert,0,0,0,0,1,0,1,0,0,1,,0.026755853
805,Narbo,0,0,0,0,1,0,0,0,0,1,,0.010033445
806,Nan,0,1,1,1,1,1,0,0,0,1,,0.096989967
807,Ned (ferryman),1,0,0,0,0,0,0,0,0,1,,0.003344482
808,Nella,0,0,1,1,1,0,0,0,0,1,,0.02006689
809,Ned Woods,1,0,0,0,0,1,0,0,0,1,,0.016722408
810,Nissa Nissa,1,0,1,0,0,0,0,0,0,1,,0.02006689
811,Nightingale,0,0,0,0,1,0,0,0,0,1,,0.016722408
812,Nolla,0,0,0,1,0,0,1,0,0,1,,0
813,Norjen,0,0,0,0,1,0,0,0,0,1,,0.006688963
814,Norren,1,0,0,0,1,0,1,0,0,1,,0.016722408
815,Nymos,0,0,0,0,1,0,1,0,0,1,,0.006688963
816,Normund Tyrell,0,0,0,1,1,0,1,0,0,1,,0.127090301
817,Ocley,0,0,0,0,1,0,1,0,0,1,,0.006688963
818,Ogo,1,1,0,0,0,0,0,0,0,0,,0.036789298
819,Old Crackbones,1,0,0,0,1,0,0,0,0,1,,0
820,Old Grey Gull,1,0,0,0,1,1,0,0,0,1,,0.010033445
821,Old Tattersalt,1,0,0,0,1,1,0,0,0,1,,0.013377926
822,Old Henly,1,0,0,1,0,0,0,0,0,0,79,0.013377926
823,Olyvar Oakheart,1,0,0,0,1,0,1,0,0,0,,0.023411371
824,Olene Tyrell,0,0,0,1,1,0,0,0,0,1,,0.127090301
825,Orbelo,1,0,0,0,1,0,0,0,0,1,,0.013377926
826,Orivel,1,0,0,0,1,0,1,0,0,1,,0.003344482
827,Orell,1,0,1,1,1,1,0,0,0,0,,0.080267559
828,Ormond (knight),0,0,0,0,0,0,1,0,0,0,,0
829,Ormond Osgrey,0,0,0,0,0,0,1,0,0,1,,0.010033445
830,Ormond Westerling,0,0,0,0,0,0,1,0,0,1,,0
831,Oro Tendyris,1,0,1,1,1,0,0,0,0,1,,0.013377926
832,Ormund Wylde,1,0,0,0,0,1,1,0,0,1,,0.013377926
833,Osmynd,0,0,1,0,0,0,0,0,0,1,,0.003344482
834,Ossy,0,0,0,0,1,0,0,0,0,1,,0.010033445
835,Oswyn,0,0,0,1,0,0,0,0,0,1,,0.003344482
836,Othor,1,1,0,0,0,0,0,0,0,0,,0.056856187
837,Otter Gimpknee,0,0,1,1,0,0,0,0,0,1,,0.006688963
838,Ottomore,1,0,0,0,1,0,0,0,0,1,,0.006688963
839,Owen (brother of Meribald),1,0,0,0,1,0,0,0,0,1,,0.013377926
840,Owen,1,0,0,1,1,1,0,0,0,1,,0.036789298
841,Owen Inchfield,0,0,0,0,1,0,1,0,0,1,,0.013377926
842,Palla,0,0,1,0,1,0,0,1,0,1,,0.02006689
843,Pate (Old),1,0,0,1,0,0,0,0,0,1,,0.006688963
844,Pate (Mory),1,0,0,1,0,0,0,0,0,1,,0.003344482
845,Pate (Lancewood),1,0,0,1,0,0,0,0,0,1,,0.003344482
846,Pate (Pinchbottom),0,0,0,0,0,0,0,0,0,0,,0.003344482
847,Pate (Night's Watch),0,0,0,0,0,0,0,0,0,1,,0.006688963
848,Pate (Shermer's Grove),1,0,0,0,0,0,0,0,0,1,,0.003344482
849,Pate (Standfast),1,0,0,0,0,0,0,0,0,0,100,0.013377926
850,Penny Jenny,0,0,0,0,0,0,0,0,0,1,,0.003344482
851,Penny,0,0,0,1,0,1,0,0,0,1,24,0.18729097
852,Perros Blackmont,1,0,0,1,1,0,0,0,0,1,,0.02006689
853,Perwyn Osgrey,0,0,0,0,0,0,1,0,0,1,,0.006688963
854,Peter Plumm,1,0,0,1,1,0,1,0,0,1,,0.026755853
855,Plummer,0,0,0,0,0,0,1,0,0,1,,0
856,Poetess,0,0,0,0,1,0,0,0,0,1,,0.010033445
857,Pollitor,1,0,1,0,0,0,1,0,0,1,,0.010033445
858,Porridge,1,0,0,1,0,0,0,0,0,1,,0.006688963
859,Porther,1,1,1,0,0,0,0,0,0,1,,0.010033445
860,Portifer Woodwright,0,0,0,0,1,0,1,0,0,1,,0.010033445
861,Poul Pemford,1,0,1,0,0,0,0,0,0,0,,0.006688963
862,Poxy Tym,1,0,1,0,0,0,0,0,0,0,,0.010033445
863,Praed,1,0,1,0,0,0,0,0,0,0,,0.016722408
864,Puckens,0,0,0,0,1,0,0,0,0,1,,0.013377926
865,Pudding,0,0,0,0,0,0,0,0,0,1,,0.003344482
866,Puddingfoot,0,0,0,1,0,0,0,0,0,1,,0.003344482
867,Qalen,1,0,1,0,1,0,1,0,0,1,,0.010033445
868,Qarl the Thrall,0,0,0,0,1,1,0,0,0,1,,0.016722408
869,Qarl Kenning,0,0,0,0,0,1,0,0,0,1,,0.006688963
870,Qarl Correy,1,0,0,0,0,0,1,0,0,1,,0.026755853
871,Qarl Shepherd,0,0,0,0,0,1,0,0,0,1,,0.006688963
872,Qarl Quickaxe,1,0,0,0,0,1,0,0,0,1,,0.003344482
873,Qos,1,1,0,0,0,0,1,0,0,1,,0.003344482
874,Quellon Humble,1,0,0,0,1,1,0,0,0,1,,0.02006689
875,Quaro,0,1,0,0,0,1,0,0,0,0,,0.030100334
876,Aelinor Penrose,0,0,0,0,0,0,1,0,0,1,,0.163879599
877,Aemon Estermont,1,0,1,1,1,1,1,0,0,1,,0.030100334
878,Aemon Rivers,1,0,1,1,1,0,1,0,0,1,,0.033444816
879,Aglantine,0,0,0,0,1,1,0,0,0,1,,0.013377926
880,Aladale Wynch,1,0,1,1,0,0,1,0,0,0,,0.02006689
881,Albett,1,1,1,1,1,1,0,0,0,1,,0.033444816
882,Albar Royce,1,1,1,1,1,1,1,0,0,1,,0.033444816
883,Alesander Staedmon,0,0,1,1,1,0,1,0,0,1,,0.013377926
884,Alekyne Florent,1,0,1,1,1,0,1,0,0,1,,0.066889632
885,Alesander Frey,0,0,1,1,1,0,0,0,0,1,40,0.143812709
886,Alester Norcross,1,0,1,1,1,0,0,0,0,1,15,0.080267559
887,Allard Seaworth,1,0,1,1,1,1,1,0,0,0,,0.063545151
888,Allar Deem,1,0,1,0,0,0,0,0,0,0,,0.043478261
889,Alla Tyrell,0,0,0,1,1,1,0,0,0,1,19,0.150501672
890,Alyn Cockshaw,1,0,0,0,0,0,1,0,0,0,,0.040133779
891,Alyce Graceford,0,0,0,1,1,1,1,0,0,1,,0.023411371
892,Alyn Connington,0,0,0,1,1,0,1,0,0,1,,0.060200669
893,Alyn Ambrose,1,0,1,1,1,1,0,0,0,1,,0.033444816
894,Alyn Estermont,1,0,1,1,1,1,1,0,0,1,,0.026755853
895,Alyn Stackspear,0,1,1,1,1,1,1,0,0,1,,0.026755853
896,Alyn Frey,1,0,1,1,1,0,0,0,0,1,10,0.137123746
897,Alyn Haigh,0,0,1,1,1,0,0,0,0,1,49,0.073578595
898,Alysanne Bulwer,0,0,0,1,1,1,1,0,0,1,14,0.153846154
